index,name,sector,biome,hazards,initialOwner,currentOwner,missionsWon,missionsLost,missionTime,terminidKills,automatonKills,illuminateKills,bulletsFired,bulletsHit,timePlayed,deaths,friendlies,missionSuccessRate,accuracy,playerCount,killDeathRatio
7,ZEA RUGOSIA,Ferris,"{'name': 'Desert', 'description': 'A desert planet prone to unpredictable and dangerous sand twisters.'}","[{'name': 'Intense Heat', 'description': 'High temperatures increase stamina drain and speed up heat buildup in weapons.'}, {'name': 'Tremors', 'description': 'Frequent earthquakes stun players and enemies alike.'}]",Humans,Humans,72158,9425,288298315,0,0,49924991,238407213,229833260,288298315,531940,96235,88,96,0,93.85
28,VOLTERRA,Korpus,"{'name': 'Highlands', 'description': 'Rocky outcroppings punctuate fields of tall grass in a planet dominated by misty highland terrain.'}","[{'name': 'Thick Fog', 'description': 'Dense fog lightly reduce visibility for both enemy and friendly units.'}, {'name': 'Rainstorms', 'description': 'Torrential rainstorms reduce visibility.'}]",Humans,Humans,380195,43991,1546256770,0,0,249931475,1118086143,1088448828,1546256770,2668815,496297,89,97,1,93.65
34,HELLMIRE,Mirin,"{'name': 'Desolate', 'description': 'Scorching temperatures, high winds, and low precipitation cause a near-constant cycle of fires to sweep this planet, punctuated by short bursts of lush rebirth between infernos.'}","[{'name': 'Intense Heat', 'description': 'High temperatures increase stamina drain and speed up heat buildup in weapons.'}, {'name': 'Fire Tornadoes', 'description': 'Planet is ravaged by deadly fire tornadoes.'}]",Terminids,Terminids,20955608,2505018,46879313229,5340830956,500,0,28736458586,34446098308,46879313229,132396242,18756177,89,100,2,40.34
45,MASTIA,Marspira,"{'name': 'Mesa', 'description': ""A blazing-hot desert planet, it's rocky mesas are the sole interruptions to the endless sea of dunes.""}","[{'name': 'Intense Heat', 'description': 'High temperatures increase stamina drain and speed up heat buildup in weapons.'}, {'name': 'Sandstorms', 'description': 'Dense sandstorms reduce mobility and greatly reduce visibility for both enemy and friendly units.'}]",Humans,Humans,4088902,240224,15031098217,0,1346118784,0,6199705067,6682195558,15031098217,30069458,3460470,94,100,6,44.77
46,SHALLUS,Talus,"{'name': 'Ethereal', 'description': 'This world teems with ethereal, boundless, and peculiar plant life that spreads silent and uninterrupted across its entire surface.'}","[{'name': 'None', 'description': ""This planet's environment is not yet known, or has no environmental modifiers.""}]",Humans,Humans,52953,7642,210345741,0,17041280,0,95221120,102337908,210345741,456238,60938,87,100,0,37.35
54,KHARST,Gallux,"{'name': 'Crimsonmoor', 'description': 'A crimson algae has propagated wildly across this entire planet, coating its rocky hills with a constant red that masks the spilt blood of the heroes who defend it from tyranny.'}","[{'name': 'Ion Storms', 'description': 'Ion storms intermittently disable Stratagems.'}]",Humans,Humans,280084,32469,1175425090,0,0,187100405,835884023,812051478,1175425090,2004588,371243,89,97,0,93.34
55,EUKORIA,Morgon,"{'name': 'Icemoss', 'description': 'Ice and moss-covered rock can be found across most of the surface of this planet.'}","[{'name': 'Extreme Cold', 'description': 'Icy temperatures reduce rate of fire and delay heat buildup in weapons.'}]",Humans,Humans,99955,13430,417277902,0,0,68038211,285252248,276215292,417277902,767756,148788,88,96,0,88.62
56,MYRIUM,Morgon,"{'name': 'Canyon', 'description': 'This arid, rocky biome covering this world has driven the evolution of exceptionally efficient water usage in its various organisms.'}","[{'name': 'Tremors', 'description': 'Frequent earthquakes stun players and enemies alike.'}]",Humans,Humans,311971,43990,1311163574,0,0,212607362,957455544,925628966,1311163574,2492461,451237,87,96,7345,85.3
57,KERTH SECUNDUS,Rictus,"{'name': 'Tundra', 'description': ""A perennially chilly climate has allowed short, colourful shrubs to flourish across this planet's surface.""}","[{'name': 'None', 'description': ""This planet's environment is not yet known, or has no environmental modifiers.""}]",Humans,Humans,342370,47695,1384296869,1122,0,229506070,1076494508,1060694276,1384296869,2618163,457865,87,98,1,87.66
58,PARSH,Rictus,"{'name': 'Swamp', 'description': 'Tall, gnarled trees flourish across the surface of this forested world. Sunlight filters past dangling vines, to the saturated undergrowth below.'}","[{'name': 'Rainstorms', 'description': 'Torrential rainstorms reduce visibility.'}]",Humans,Humans,305829,32438,1238360062,0,0,203372703,905502208,872644308,1238360062,2098678,392797,90,96,9,96.91
60,IRULTA,Saleria,"{'name': 'Jungle', 'description': 'Abundant with life, this wet planet is covered in deep oceans, thick forests, and tall grasses.'}","[{'name': 'Volcanic Activity', 'description': 'Volcanoes throw burning rocks around this planet.'}, {'name': 'Rainstorms', 'description': 'Torrential rainstorms reduce visibility.'}]",Humans,Humans,503354,56095,1975921718,0,0,345057878,1427713334,1381758248,1975921718,3768900,752963,89,96,3,91.55
61,EMORATH,Meridian,"{'name': 'Ethereal', 'description': 'This world teems with ethereal, boundless, and peculiar plant life that spreads silent and uninterrupted across its entire surface.'}","[{'name': 'None', 'description': ""This planet's environment is not yet known, or has no environmental modifiers.""}]",Humans,Humans,312620,26185,1285107343,0,0,214387161,968136843,939212732,1285107343,2185163,391456,92,97,0,98.11
62,ILDUNA PRIME,Meridian,"{'name': 'Tundra', 'description': ""A perennially chilly climate has allowed short, colourful shrubs to flourish across this planet's surface.""}","[{'name': 'None', 'description': ""This planet's environment is not yet known, or has no environmental modifiers.""}]",Humans,Humans,388221,39345,1649918558,0,0,275713572,1195402281,1165797088,1649918558,2840904,536250,90,97,2,97.05
64,MERIDIA,Umlaut,"{'name': 'Jungle', 'description': 'Abundant with life, this wet planet is covered in deep oceans, thick forests, and tall grasses.'}","[{'name': 'Volcanic Activity', 'description': 'Volcanoes throw burning rocks around this planet.'}, {'name': 'Rainstorms', 'description': 'Torrential rainstorms reduce visibility.'}]",Terminids,Humans,5429565,713543,11571369345,1659169375,16802,0,8677358741,10332288797,11571369345,41477410,6676293,88,100,7,40.0
66,CURIA,Marspira,"{'name': 'Moon', 'description': 'A rocky, lonely moon with extremely valuable mineral deposits underneath the surface.'}","[{'name': 'Extreme Cold', 'description': 'Icy temperatures reduce rate of fire and delay heat buildup in weapons.'}, {'name': 'Meteor Storms', 'description': 'Meteors impact the surface causing massive damage.'}]",Humans,Humans,1492804,180826,5913062706,0,498393010,0,2587639782,2811534656,5913062706,13424736,1502115,89,100,0,37.12
67,TARSH,Marspira,"{'name': 'Foggy Swamp', 'description': 'Squelching mud, twisting roots; the odor of rot and anarchy. A teeming, endless morass.'}","[{'name': 'Thick Fog', 'description': 'Dense fog lightly reduce visibility for both enemy and friendly units.'}]",Humans,Humans,3436011,227274,11846744028,590,921639594,116,4944442036,5253412652,11846744028,24697774,3146551,93,100,6,37.32
68,SHELT,Talus,"{'name': 'Tundra', 'description': ""A perennially chilly climate has allowed short, colourful shrubs to flourish across this planet's surface.""}","[{'name': 'None', 'description': ""This planet's environment is not yet known, or has no environmental modifiers.""}]",Humans,Humans,2502293,198325,9127021852,88,786413328,0,3895870312,4232639938,9127021852,18758808,2121711,92,100,7,41.92
69,IMBER,Talus,"{'name': 'Desolate', 'description': 'Scorching temperatures, high winds, and low precipitation cause a near-constant cycle of fires to sweep this planet, punctuated by short bursts of lush rebirth between infernos.'}","[{'name': 'Intense Heat', 'description': 'High temperatures increase stamina drain and speed up heat buildup in weapons.'}, {'name': 'Fire Tornadoes', 'description': 'Planet is ravaged by deadly fire tornadoes.'}]",Humans,Humans,1647872,188784,6822027953,0,525169821,0,2494373052,2680646812,6822027953,15880665,1575340,89,100,0,33.07
70,BLISTICA,Gellert,"{'name': 'Desolate', 'description': 'Scorching temperatures, high winds, and low precipitation cause a near-constant cycle of fires to sweep this planet, punctuated by short bursts of lush rebirth between infernos.'}","[{'name': 'Intense Heat', 'description': 'High temperatures increase stamina drain and speed up heat buildup in weapons.'}, {'name': 'Fire Tornadoes', 'description': 'Planet is ravaged by deadly fire tornadoes.'}]",Humans,Humans,274760,18694,1000128691,0,86840385,0,347742921,370158278,1000128691,2182731,200432,93,100,0,39.79
72,JULHEIM,Nanos,"{'name': 'Winter', 'description': ""Submerged in eternal winter, this world's frosty peaks glimmer in the light of its too-distant star.""}","[{'name': 'Extreme Cold', 'description': 'Icy temperatures reduce rate of fire and delay heat buildup in weapons.'}, {'name': 'Blizzards', 'description': 'Intense blizzard reduce mobility and moderately reduce visibility for both enemy and friendly units.'}]",Humans,Humans,414020,40659,1717303294,0,0,277166033,1141689331,1120548600,1717303294,2731816,532805,91,98,1,101.46
75,ESKER,Falstaff,"{'name': 'Toxic', 'description': ""Dense, toxic fumes from deep within the planet's crust seep out of cracks in the earth and coat the ground in a sickly haze.""}","[{'name': 'Acid Storms', 'description': 'Corrosive acid storms temporarily reduce armor effectiveness for both enemy and friendly units.'}]",Humans,Terminids,3756728,355904,13354081000,1848167416,339,555,7614531231,9298131188,13354081000,31392300,5264490,91,100,4,58.87
76,TERREK,Orion,"{'name': 'Moon', 'description': 'A rocky, lonely moon with extremely valuable mineral deposits underneath the surface.'}","[{'name': 'Extreme Cold', 'description': 'Icy temperatures reduce rate of fire and delay heat buildup in weapons.'}, {'name': 'Meteor Storms', 'description': 'Meteors impact the surface causing massive damage.'}]",Humans,Humans,897822,79702,3661225581,577827031,0,0,1898165001,2275758990,3661225581,6949748,1398448,91,100,0,83.14
77,CIRRUS,Orion,"{'name': 'Wasteland', 'description': 'The lifeless grey of this planet is interrupted only by the violet flowers that grow from strange, parasitic outcroppings.'}","[{'name': 'Thick Fog', 'description': 'Dense fog lightly reduce visibility for both enemy and friendly units.'}]",Humans,Humans,1930372,137824,6667559325,964496579,0,0,3581198752,4336406556,6667559325,14224157,2427689,93,100,3,67.81
78,CRIMSICA,Draco,"{'name': 'Crimsonmoor', 'description': 'A crimson algae has propagated wildly across this entire planet, coating its rocky hills with a constant red that masks the spilt blood of the heroes who defend it from tyranny.'}","[{'name': 'Ion Storms', 'description': 'Ion storms intermittently disable Stratagems.'}]",Terminids,Humans,22294133,1815084,54838462267,7324732607,916,0,35826833592,43472427440,54838462267,123609226,21074823,92,100,5,59.26
79,HEETH,Orion,"{'name': 'Winter', 'description': ""Submerged in eternal winter, this world's frosty peaks glimmer in the light of its too-distant star.""}","[{'name': 'Extreme Cold', 'description': 'Icy temperatures reduce rate of fire and delay heat buildup in weapons.'}, {'name': 'Blizzards', 'description': 'Intense blizzard reduce mobility and moderately reduce visibility for both enemy and friendly units.'}]",Terminids,Humans,5927913,532779,18176917141,2652325162,23,0,10095691132,12305154350,18176917141,38208776,7129377,91,100,9,69.42
80,VELD,Orion,"{'name': 'Rainforest', 'description': ""The strange subversion of photosynthesis that sustains the oddly-hued flora that flourishes on this planet remains an intriguing mystery to Super Earth's greatest exo-biologists.""}","[{'name': 'Ion Storms', 'description': 'Ion storms intermittently disable Stratagems.'}]",Humans,Humans,2211147,169910,7204936734,910649110,61,0,4249124555,5229898709,7204936734,17187642,2637189,92,100,1,52.98
84,SKAASH,Ursa,"{'name': 'Toxic', 'description': ""Dense, toxic fumes from deep within the planet's crust seep out of cracks in the earth and coat the ground in a sickly haze.""}","[{'name': 'Acid Storms', 'description': 'Corrosive acid storms temporarily reduce armor effectiveness for both enemy and friendly units.'}]",Humans,Humans,316159,32528,1262274076,0,91,201782191,933147803,911615082,1262274076,2359128,433546,90,97,0,85.53
85,MORADESH,Celeste,"{'name': 'Mesa', 'description': ""A blazing-hot desert planet, it's rocky mesas are the sole interruptions to the endless sea of dunes.""}","[{'name': 'Intense Heat', 'description': 'High temperatures increase stamina drain and speed up heat buildup in weapons.'}, {'name': 'Sandstorms', 'description': 'Dense sandstorms reduce mobility and greatly reduce visibility for both enemy and friendly units.'}]",Humans,Humans,286573,26853,1219911662,192236120,0,0,605621789,744284374,1219911662,2395267,446315,91,100,0,80.26
86,RASP,Gallux,"{'name': 'Moon', 'description': 'A rocky, lonely moon with extremely valuable mineral deposits underneath the surface.'}","[{'name': 'Extreme Cold', 'description': 'Icy temperatures reduce rate of fire and delay heat buildup in weapons.'}, {'name': 'Meteor Storms', 'description': 'Meteors impact the surface causing massive damage.'}]",Humans,Humans,654586,65688,2753892383,0,0,446222651,1927007901,1911732468,2753892383,4950415,898147,90,99,6,90.14
87,BASHYR,Gallux,"{'name': 'Foggy Swamp', 'description': 'Squelching mud, twisting roots; the odor of rot and anarchy. A teeming, endless morass.'}","[{'name': 'Thick Fog', 'description': 'Dense fog lightly reduce visibility for both enemy and friendly units.'}]",Humans,Humans,266970,34462,1052331941,0,0,166199260,773811718,733557688,1052331941,1900682,389739,88,94,1970,87.44
88,REGNUS,Morgon,"{'name': 'Foggy Swamp', 'description': 'Squelching mud, twisting roots; the odor of rot and anarchy. A teeming, endless morass.'}","[{'name': 'Thick Fog', 'description': 'Dense fog lightly reduce visibility for both enemy and friendly units.'}]",Humans,Humans,218173,28533,903506910,0,0,141916337,641785508,619061166,903506910,1695789,313384,88,96,2,83.69
89,MOG,Morgon,"{'name': 'Winter', 'description': ""Submerged in eternal winter, this world's frosty peaks glimmer in the light of its too-distant star.""}","[{'name': 'Extreme Cold', 'description': 'Icy temperatures reduce rate of fire and delay heat buildup in weapons.'}, {'name': 'Blizzards', 'description': 'Intense blizzard reduce mobility and moderately reduce visibility for both enemy and friendly units.'}]",Humans,Humans,421832,48765,1722495195,531,0,279696597,1200725562,1191541630,1722495195,2985076,579791,89,99,2,93.7
90,VALMOX,Rictus,"{'name': 'Crimsonmoor', 'description': 'A crimson algae has propagated wildly across this entire planet, coating its rocky hills with a constant red that masks the spilt blood of the heroes who defend it from tyranny.'}","[{'name': 'Ion Storms', 'description': 'Ion storms intermittently disable Stratagems.'}]",Humans,Humans,454563,66062,1900331026,881,0,310184216,1476461253,1437133766,1900331026,3547031,620484,87,97,0,87.45
91,IRO,Rictus,"{'name': 'Highlands', 'description': 'Rocky outcroppings punctuate fields of tall grass in a planet dominated by misty highland terrain.'}","[{'name': 'Thick Fog', 'description': 'Dense fog lightly reduce visibility for both enemy and friendly units.'}, {'name': 'Rainstorms', 'description': 'Torrential rainstorms reduce visibility.'}]",Humans,Humans,690578,64740,2761107383,0,0,447311241,2008944358,1926217070,2761107383,4527637,922559,91,95,42,98.8
92,GRAFMERE,Rictus,"{'name': 'Icemoss', 'description': 'Ice and moss-covered rock can be found across most of the surface of this planet.'}","[{'name': 'Extreme Cold', 'description': 'Icy temperatures reduce rate of fire and delay heat buildup in weapons.'}]",Humans,Humans,94031,11225,397213004,0,0,65497145,270875415,264025256,397213004,705186,133464,89,97,0,92.88
94,OASIS,Rictus,"{'name': 'Jungle', 'description': 'Abundant with life, this wet planet is covered in deep oceans, thick forests, and tall grasses.'}","[{'name': 'Volcanic Activity', 'description': 'Volcanoes throw burning rocks around this planet.'}, {'name': 'Rainstorms', 'description': 'Torrential rainstorms reduce visibility.'}]",Humans,Humans,179816,27474,759118799,0,0,119520354,554705196,533558732,759118799,1557651,280646,86,96,11,76.73
95,GENESIS PRIME,Rictus,"{'name': 'Rainforest', 'description': ""The strange subversion of photosynthesis that sustains the oddly-hued flora that flourishes on this planet remains an intriguing mystery to Super Earth's greatest exo-biologists.""}","[{'name': 'Ion Storms', 'description': 'Ion storms intermittently disable Stratagems.'}]",Humans,Humans,635828,102553,2620254606,1767,0,428126217,1955490686,1904378604,2620254606,5133161,912293,86,97,37,83.4
97,CALYPSO,Saleria,"{'name': 'Canyon', 'description': 'This arid, rocky biome covering this world has driven the evolution of exceptionally efficient water usage in its various organisms.'}","[{'name': 'Tremors', 'description': 'Frequent earthquakes stun players and enemies alike.'}]",Humans,Humans,4570007,913383,18908608495,2342597,0,3124415217,14915979795,14666096380,18908608495,38760470,6556651,83,98,10,80.67
98,ELYSIAN MEADOWS,Guang,"{'name': 'Crimsonmoor', 'description': 'A crimson algae has propagated wildly across this entire planet, coating its rocky hills with a constant red that masks the spilt blood of the heroes who defend it from tyranny.'}","[{'name': 'Ion Storms', 'description': 'Ion storms intermittently disable Stratagems.'}]",Humans,Humans,477941,69707,2046425497,8,0,329686574,1621098583,1558466788,2046425497,3822591,709192,87,96,10,86.25
100,TRANDOR,Sten,"{'name': 'Tundra', 'description': ""A perennially chilly climate has allowed short, colourful shrubs to flourish across this planet's surface.""}","[{'name': 'None', 'description': ""This planet's environment is not yet known, or has no environmental modifiers.""}]",Terminids,Terminids,4076770,239317,14934029628,2274518870,0,0,7986071079,9468842192,14934029628,29367647,5077781,94,100,3,77.45
102,LIBERTY RIDGE,Meridian,"{'name': 'Crimsonmoor', 'description': 'A crimson algae has propagated wildly across this entire planet, coating its rocky hills with a constant red that masks the spilt blood of the heroes who defend it from tyranny.'}","[{'name': 'Ion Storms', 'description': 'Ion storms intermittently disable Stratagems.'}]",Humans,Humans,445606,45777,1904128213,0,0,307909922,1555991647,1494390884,1904128213,3203112,583340,90,96,1,96.13
103,BALDRICK PRIME,Meridian,"{'name': 'Jungle', 'description': 'Abundant with life, this wet planet is covered in deep oceans, thick forests, and tall grasses.'}","[{'name': 'Volcanic Activity', 'description': 'Volcanoes throw burning rocks around this planet.'}, {'name': 'Rainstorms', 'description': 'Torrential rainstorms reduce visibility.'}]",Humans,Humans,403051,61561,1706723362,0,0,266544227,1307495225,1248778876,1706723362,3526662,664730,86,95,4,75.58
107,PÃ–PLI IX,Xzar,"{'name': 'Desolate', 'description': 'Scorching temperatures, high winds, and low precipitation cause a near-constant cycle of fires to sweep this planet, punctuated by short bursts of lush rebirth between infernos.'}","[{'name': 'Intense Heat', 'description': 'High temperatures increase stamina drain and speed up heat buildup in weapons.'}, {'name': 'Fire Tornadoes', 'description': 'Planet is ravaged by deadly fire tornadoes.'}]",Humans,Humans,110495,18007,440599940,0,34423029,0,178714526,187303260,440599940,982894,131925,85,100,0,35.02
112,VERNEN WELLS,Hydra,"{'name': 'Canyon', 'description': 'This arid, rocky biome covering this world has driven the evolution of exceptionally efficient water usage in its various organisms.'}","[{'name': 'Tremors', 'description': 'Frequent earthquakes stun players and enemies alike.'}]",Humans,Humans,11241032,1467588,43490409493,742,3455628648,0,19473539670,20587390300,43490409493,99797882,10963544,88,100,11,34.63
113,AESIR PASS,Hydra,"{'name': 'Wasteland', 'description': 'The lifeless grey of this planet is interrupted only by the violet flowers that grow from strange, parasitic outcroppings.'}","[{'name': 'Thick Fog', 'description': 'Dense fog lightly reduce visibility for both enemy and friendly units.'}]",Humans,Automaton,5239928,443699,18080270417,503,1376386625,0,7382492336,7742197092,18080270417,41942192,4722713,92,100,1449,32.82
114,AURORA BAY,Valdis,"{'name': 'Tundra', 'description': ""A perennially chilly climate has allowed short, colourful shrubs to flourish across this planet's surface.""}","[{'name': 'None', 'description': ""This planet's environment is not yet known, or has no environmental modifiers.""}]",Humans,Automaton,186290,16662,535903972,0,44577644,0,226943432,239151052,535903972,1185330,132026,91,100,0,37.61
115,PENTA,Lacaille,"{'name': 'Wasteland', 'description': 'The lifeless grey of this planet is interrupted only by the violet flowers that grow from strange, parasitic outcroppings.'}","[{'name': 'Thick Fog', 'description': 'Dense fog lightly reduce visibility for both enemy and friendly units.'}]",Humans,Automaton,3009912,269710,10463967045,101,700461313,0,4179872310,4256339178,10463967045,28266078,3426566,91,100,403,24.78
116,GAELLIVARE,Talus,"{'name': 'Jungle', 'description': 'Abundant with life, this wet planet is covered in deep oceans, thick forests, and tall grasses.'}","[{'name': 'Volcanic Activity', 'description': 'Volcanoes throw burning rocks around this planet.'}, {'name': 'Rainstorms', 'description': 'Torrential rainstorms reduce visibility.'}]",Humans,Humans,4370441,436455,16624000681,0,1383032536,0,6311812897,6798040146,16624000681,40278053,4353237,90,100,2,34.34
117,VOG-SOJOTH,Tanis,"{'name': 'Winter', 'description': ""Submerged in eternal winter, this world's frosty peaks glimmer in the light of its too-distant star.""}","[{'name': 'Extreme Cold', 'description': 'Icy temperatures reduce rate of fire and delay heat buildup in weapons.'}, {'name': 'Blizzards', 'description': 'Intense blizzard reduce mobility and moderately reduce visibility for both enemy and friendly units.'}]",Humans,Automaton,4702356,260993,16599206445,578,1494476839,205,6373405108,7134593128,16599206445,32227941,3981772,94,100,1186,46.37
122,ERSON SANDS,Falstaff,"{'name': 'Desert', 'description': 'A desert planet prone to unpredictable and dangerous sand twisters.'}","[{'name': 'Intense Heat', 'description': 'High temperatures increase stamina drain and speed up heat buildup in weapons.'}, {'name': 'Tremors', 'description': 'Frequent earthquakes stun players and enemies alike.'}]",Humans,Terminids,1534405,162024,5731272159,756933282,0,0,3477914213,4253859174,5731272159,13927517,2224878,90,100,3,54.35
123,SOCORRO III,Falstaff,"{'name': 'Foggy Swamp', 'description': 'Squelching mud, twisting roots; the odor of rot and anarchy. A teeming, endless morass.'}","[{'name': 'Thick Fog', 'description': 'Dense fog lightly reduce visibility for both enemy and friendly units.'}]",Humans,Terminids,1441212,207259,5692594975,724915886,0,0,3595366763,4410217888,5692594975,13876794,2332833,87,100,0,52.24
124,BORE ROCK,Falstaff,"{'name': 'Swamp', 'description': 'Tall, gnarled trees flourish across the surface of this forested world. Sunlight filters past dangling vines, to the saturated undergrowth below.'}","[{'name': 'Rainstorms', 'description': 'Torrential rainstorms reduce visibility.'}]",Humans,Terminids,3619098,333741,12660384034,1819845694,82,0,7327737925,8716019530,12660384034,28124918,4866397,91,100,371,64.71
125,FENRIR III,Umlaut,"{'name': 'Moon', 'description': 'A rocky, lonely moon with extremely valuable mineral deposits underneath the surface.'}","[{'name': 'Extreme Cold', 'description': 'Icy temperatures reduce rate of fire and delay heat buildup in weapons.'}, {'name': 'Meteor Storms', 'description': 'Meteors impact the surface causing massive damage.'}]",Terminids,Humans,15389619,1169233,39642509409,5527856204,93142,0,24496049072,26787051101,39642509409,90069566,15181324,92,100,54,61.37
126,TURING,Umlaut,"{'name': 'Ethereal', 'description': 'This world teems with ethereal, boundless, and peculiar plant life that spreads silent and uninterrupted across its entire surface.'}","[{'name': 'None', 'description': ""This planet's environment is not yet known, or has no environmental modifiers.""}]",Terminids,Humans,17796478,1192378,33004295856,4198519234,52530,0,20811033993,21261359448,33004295856,84317647,13888383,93,100,7,49.79
127,ANGEL'S VENTURE,Orion,"{'name': 'Tundra', 'description': ""A perennially chilly climate has allowed short, colourful shrubs to flourish across this planet's surface.""}","[{'name': 'None', 'description': ""This planet's environment is not yet known, or has no environmental modifiers.""}]",Terminids,Humans,4042532,373818,13319271679,1836106158,145,0,8222874217,9977089476,13319271679,28083227,4949398,91,100,304,65.38
128,DARIUS II,Borgus,"{'name': 'Toxic', 'description': ""Dense, toxic fumes from deep within the planet's crust seep out of cracks in the earth and coat the ground in a sickly haze.""}","[{'name': 'Acid Storms', 'description': 'Corrosive acid storms temporarily reduce armor effectiveness for both enemy and friendly units.'}]",Humans,Humans,2164328,198987,7936105493,1125703797,0,0,4463110858,5338910310,7936105493,18421092,3104426,91,100,5,61.11
129,ACAMAR IV,Jin Xi,"{'name': 'Highlands', 'description': 'Rocky outcroppings punctuate fields of tall grass in a planet dominated by misty highland terrain.'}","[{'name': 'Thick Fog', 'description': 'Dense fog lightly reduce visibility for both enemy and friendly units.'}, {'name': 'Rainstorms', 'description': 'Torrential rainstorms reduce visibility.'}]",Humans,Humans,7408135,518604,27292254947,3844581227,72,0,15306043314,18705130110,27292254947,57685791,10273304,93,100,5,66.65
130,ACHERNAR SECUNDUS,Borgus,"{'name': 'Highlands', 'description': 'Rocky outcroppings punctuate fields of tall grass in a planet dominated by misty highland terrain.'}","[{'name': 'Thick Fog', 'description': 'Dense fog lightly reduce visibility for both enemy and friendly units.'}, {'name': 'Rainstorms', 'description': 'Torrential rainstorms reduce visibility.'}]",Humans,Humans,966160,96059,3874773669,315464802,200,299949110,2481972608,2637027482,3874773669,7442394,1527660,90,100,2,82.69
131,ACHIRD III,Borgus,"{'name': 'Canyon', 'description': 'This arid, rocky biome covering this world has driven the evolution of exceptionally efficient water usage in its various organisms.'}","[{'name': 'Tremors', 'description': 'Frequent earthquakes stun players and enemies alike.'}]",Humans,Humans,434280,39494,1726770498,248068398,0,0,929770132,1103814162,1726770498,3373007,711379,91,100,0,73.55
134,ACUBENS PRIME,Gallux,"{'name': 'Ethereal', 'description': 'This world teems with ethereal, boundless, and peculiar plant life that spreads silent and uninterrupted across its entire surface.'}","[{'name': 'None', 'description': ""This planet's environment is not yet known, or has no environmental modifiers.""}]",Humans,Humans,350789,43633,1305677550,0,0,214293555,973151334,966575912,1305677550,2468451,442785,88,99,145,86.81
136,AFOYAY BAY,Gallux,"{'name': 'Highlands', 'description': 'Rocky outcroppings punctuate fields of tall grass in a planet dominated by misty highland terrain.'}","[{'name': 'Thick Fog', 'description': 'Dense fog lightly reduce visibility for both enemy and friendly units.'}, {'name': 'Rainstorms', 'description': 'Torrential rainstorms reduce visibility.'}]",Humans,Humans,372573,43676,1549772147,0,0,249083924,1181280945,1138137698,1549772147,2794226,525061,89,96,2,89.14
138,ALAIRT III,Hanzo,"{'name': 'Rainforest', 'description': ""The strange subversion of photosynthesis that sustains the oddly-hued flora that flourishes on this planet remains an intriguing mystery to Super Earth's greatest exo-biologists.""}","[{'name': 'Ion Storms', 'description': 'Ion storms intermittently disable Stratagems.'}]",Humans,Humans,111803,15453,482636825,0,0,77996971,337124060,324482210,482636825,883248,166368,87,96,2,88.31
139,ALAMAK VII,Hanzo,"{'name': 'Ethereal', 'description': 'This world teems with ethereal, boundless, and peculiar plant life that spreads silent and uninterrupted across its entire surface.'}","[{'name': 'None', 'description': ""This planet's environment is not yet known, or has no environmental modifiers.""}]",Humans,Humans,197660,30700,815093592,42,0,130558712,575838528,550835072,815093592,1581204,291103,86,95,3,82.57
141,ALATHFAR XI,Akira,"{'name': 'Winter', 'description': ""Submerged in eternal winter, this world's frosty peaks glimmer in the light of its too-distant star.""}","[{'name': 'Extreme Cold', 'description': 'Icy temperatures reduce rate of fire and delay heat buildup in weapons.'}, {'name': 'Blizzards', 'description': 'Intense blizzard reduce mobility and moderately reduce visibility for both enemy and friendly units.'}]",Humans,Humans,409518,30581,1762346627,0,0,286500010,1196444836,1184416816,1762346627,2691060,541388,93,98,4,106.46
142,ANDAR,Akira,"{'name': 'Tundra', 'description': ""A perennially chilly climate has allowed short, colourful shrubs to flourish across this planet's surface.""}","[{'name': 'None', 'description': ""This planet's environment is not yet known, or has no environmental modifiers.""}]",Humans,Humans,504916,51059,1928617887,1403,0,318938880,1401407982,1404001154,1928617887,3358065,636132,90,100,13,94.98
143,ASPEROTH PRIME,Akira,"{'name': 'Swamp', 'description': 'Tall, gnarled trees flourish across the surface of this forested world. Sunlight filters past dangling vines, to the saturated undergrowth below.'}","[{'name': 'Rainstorms', 'description': 'Torrential rainstorms reduce visibility.'}]",Humans,Humans,317382,47081,1377887969,295,0,215874674,1059589488,1006785918,1377887969,2651349,505745,87,95,1,81.42
144,BELLATRIX,Guang,"{'name': 'Highlands', 'description': 'Rocky outcroppings punctuate fields of tall grass in a planet dominated by misty highland terrain.'}","[{'name': 'Thick Fog', 'description': 'Dense fog lightly reduce visibility for both enemy and friendly units.'}, {'name': 'Rainstorms', 'description': 'Torrential rainstorms reduce visibility.'}]",Humans,Humans,464748,67546,1855300148,295,0,312753303,1418293052,1396290122,1855300148,3528780,605046,87,98,4,88.63
145,BOTEIN,Guang,"{'name': 'Toxic', 'description': ""Dense, toxic fumes from deep within the planet's crust seep out of cracks in the earth and coat the ground in a sickly haze.""}","[{'name': 'Acid Storms', 'description': 'Corrosive acid storms temporarily reduce armor effectiveness for both enemy and friendly units.'}]",Humans,Humans,89318,14586,376721242,0,0,60233951,259896619,251961066,376721242,771764,134925,85,96,0,78.05
146,OSUPSAM,Tarragon,"{'name': 'Mesa', 'description': ""A blazing-hot desert planet, it's rocky mesas are the sole interruptions to the endless sea of dunes.""}","[{'name': 'Intense Heat', 'description': 'High temperatures increase stamina drain and speed up heat buildup in weapons.'}, {'name': 'Sandstorms', 'description': 'Dense sandstorms reduce mobility and greatly reduce visibility for both enemy and friendly units.'}]",Humans,Humans,450148,46639,1890522858,0,0,304248462,1396201401,1358243830,1890522858,3381746,636135,90,97,6,89.97
147,BRINK-2,Tarragon,"{'name': 'Rainforest', 'description': ""The strange subversion of photosynthesis that sustains the oddly-hued flora that flourishes on this planet remains an intriguing mystery to Super Earth's greatest exo-biologists.""}","[{'name': 'Ion Storms', 'description': 'Ion storms intermittently disable Stratagems.'}]",Humans,Humans,287374,31518,1198913328,0,0,197523187,865291975,842497598,1198913328,2148718,415312,90,97,0,91.93
148,BUNDA SECUNDUS,Tarragon,"{'name': 'Tundra', 'description': ""A perennially chilly climate has allowed short, colourful shrubs to flourish across this planet's surface.""}","[{'name': 'None', 'description': ""This planet's environment is not yet known, or has no environmental modifiers.""}]",Humans,Humans,48884,7770,223336991,0,0,35721844,159357256,152819340,223336991,428915,83979,86,95,2,83.28
149,CANOPUS,Tarragon,"{'name': 'Desert', 'description': 'A desert planet prone to unpredictable and dangerous sand twisters.'}","[{'name': 'Intense Heat', 'description': 'High temperatures increase stamina drain and speed up heat buildup in weapons.'}, {'name': 'Tremors', 'description': 'Frequent earthquakes stun players and enemies alike.'}]",Humans,Humans,454026,56487,1906840076,0,0,306391856,1369679156,1328244642,1906840076,3538102,667140,88,96,13,86.6
152,DURGEN,Severin,"{'name': 'Mesa', 'description': ""A blazing-hot desert planet, it's rocky mesas are the sole interruptions to the endless sea of dunes.""}","[{'name': 'Intense Heat', 'description': 'High temperatures increase stamina drain and speed up heat buildup in weapons.'}, {'name': 'Sandstorms', 'description': 'Dense sandstorms reduce mobility and greatly reduce visibility for both enemy and friendly units.'}]",Automaton,Humans,5115149,485262,15341784362,24794,1005949813,0,7277391123,6964522877,15341784362,39444412,3648543,91,95,1,25.5
153,DRAUPNIR,Xzar,"{'name': 'Highlands', 'description': 'Rocky outcroppings punctuate fields of tall grass in a planet dominated by misty highland terrain.'}","[{'name': 'Thick Fog', 'description': 'Dense fog lightly reduce visibility for both enemy and friendly units.'}, {'name': 'Rainstorms', 'description': 'Torrential rainstorms reduce visibility.'}]",Humans,Humans,5297862,660886,4424633132,519,344843530,0,2497947242,2458065270,4424633132,21577171,2109703,88,98,0,15.98
154,MORT,Xzar,"{'name': 'Wasteland', 'description': 'The lifeless grey of this planet is interrupted only by the violet flowers that grow from strange, parasitic outcroppings.'}","[{'name': 'Thick Fog', 'description': 'Dense fog lightly reduce visibility for both enemy and friendly units.'}]",Humans,Humans,2105834,102158,3563498616,1184,266410168,0,1447237540,1348365729,3563498616,8523515,1113474,95,93,0,31.26
155,INGMAR,Xzar,"{'name': 'Crimsonmoor', 'description': 'A crimson algae has propagated wildly across this entire planet, coating its rocky hills with a constant red that masks the spilt blood of the heroes who defend it from tyranny.'}","[{'name': 'Ion Storms', 'description': 'Ion storms intermittently disable Stratagems.'}]",Humans,Humans,463505,59020,1923837355,0,162054971,0,866972626,929298047,1923837355,3792516,520603,88,100,0,42.73
156,CHARBAL-VII,Andromeda,"{'name': 'Toxic', 'description': ""Dense, toxic fumes from deep within the planet's crust seep out of cracks in the earth and coat the ground in a sickly haze.""}","[{'name': 'Acid Storms', 'description': 'Corrosive acid storms temporarily reduce armor effectiveness for both enemy and friendly units.'}]",Humans,Humans,953878,118270,3139036185,0,224887550,0,1342128681,1357251974,3139036185,8576966,833463,88,100,1,26.22
157,CHARON PRIME,Andromeda,"{'name': 'Crimsonmoor', 'description': 'A crimson algae has propagated wildly across this entire planet, coating its rocky hills with a constant red that masks the spilt blood of the heroes who defend it from tyranny.'}","[{'name': 'Intense Heat', 'description': 'High temperatures increase stamina drain and speed up heat buildup in weapons.'}]",Humans,Humans,835055,97435,3317071318,0,294814847,0,1544262747,1670022306,3317071318,7395756,784249,89,100,2,39.86
158,CHOEPESSA IV,Trigon,"{'name': 'Icemoss', 'description': 'Ice and moss-covered rock can be found across most of the surface of this planet.'}","[{'name': 'Extreme Cold', 'description': 'Icy temperatures reduce rate of fire and delay heat buildup in weapons.'}]",Humans,Humans,2170948,193439,7708327239,0,574806515,0,3343048679,3423407676,7708327239,17683459,1743569,91,100,2,32.51
159,CHOOHE,Lacaille,"{'name': 'Mesa', 'description': ""A blazing-hot desert planet, it's rocky mesas are the sole interruptions to the endless sea of dunes.""}","[{'name': 'Intense Heat', 'description': 'High temperatures increase stamina drain and speed up heat buildup in weapons.'}, {'name': 'Sandstorms', 'description': 'Dense sandstorms reduce mobility and greatly reduce visibility for both enemy and friendly units.'}]",Humans,Automaton,2386998,215986,8389394307,0,690317171,0,3277428605,3512002486,8389394307,18590749,2039977,91,100,1032,37.13
160,CHORT BAY,Lacaille,"{'name': 'Toxic', 'description': ""Dense, toxic fumes from deep within the planet's crust seep out of cracks in the earth and coat the ground in a sickly haze.""}","[{'name': 'Acid Storms', 'description': 'Corrosive acid storms temporarily reduce armor effectiveness for both enemy and friendly units.'}]",Humans,Humans,2989241,335945,11090246050,119,862763891,0,4622070572,4884166238,11090246050,28203946,2901791,89,100,8,30.59
161,CLAORELL,Tanis,"{'name': 'Moon', 'description': 'A rocky, lonely moon with extremely valuable mineral deposits underneath the surface.'}","[{'name': 'Extreme Cold', 'description': 'Icy temperatures reduce rate of fire and delay heat buildup in weapons.'}, {'name': 'Meteor Storms', 'description': 'Meteors impact the surface causing massive damage.'}]",Humans,Humans,1933008,209736,7861735090,0,676584485,0,3131822394,3449889030,7861735090,16551916,1794630,90,100,2,40.88
162,CLASA,Tanis,"{'name': 'Swamp', 'description': 'Tall, gnarled trees flourish across the surface of this forested world. Sunlight filters past dangling vines, to the saturated undergrowth below.'}","[{'name': 'Rainstorms', 'description': 'Torrential rainstorms reduce visibility.'}]",Humans,Automaton,1008217,117858,3543084959,524,255431028,0,1513348294,1555943534,3543084959,8721662,907952,89,100,204,29.29
163,DEMIURG,Tanis,"{'name': 'Tundra', 'description': ""A perennially chilly climate has allowed short, colourful shrubs to flourish across this planet's surface.""}","[{'name': 'None', 'description': ""This planet's environment is not yet known, or has no environmental modifiers.""}]",Humans,Humans,210129,30299,837344538,0,88499112,0,330352069,374116066,837344538,1823600,213097,87,100,0,48.53
168,ERATA PRIME,Umlaut,"{'name': 'Desert', 'description': 'A desert planet prone to unpredictable and dangerous sand twisters.'}","[{'name': 'Intense Heat', 'description': 'High temperatures increase stamina drain and speed up heat buildup in weapons.'}, {'name': 'Tremors', 'description': 'Frequent earthquakes stun players and enemies alike.'}]",Terminids,Humans,19475877,1692699,56110475989,8060399018,0,292,33336013158,40279117115,56110475989,141560715,22220436,92,100,133,56.94
169,ESTANU,Draco,"{'name': 'Icemoss', 'description': 'Ice and moss-covered rock can be found across most of the surface of this planet.'}","[{'name': 'Extreme Cold', 'description': 'Icy temperatures reduce rate of fire and delay heat buildup in weapons.'}]",Terminids,Humans,27332716,2826024,69761518594,9464440256,809,0,45040161582,54323948904,69761518594,158196850,29171838,90,100,12,59.83
170,FORI PRIME,Draco,"{'name': 'Canyon', 'description': 'This arid, rocky biome covering this world has driven the evolution of exceptionally efficient water usage in its various organisms.'}","[{'name': 'Tremors', 'description': 'Frequent earthquakes stun players and enemies alike.'}]",Terminids,Terminids,21662279,2166487,64915867895,9295589902,292,171,42221835084,50590479352,64915867895,149808385,24521924,90,100,62667,62.05
171,GACRUX,Jin Xi,"{'name': 'Swamp', 'description': 'Tall, gnarled trees flourish across the surface of this forested world. Sunlight filters past dangling vines, to the saturated undergrowth below.'}","[{'name': 'Rainstorms', 'description': 'Torrential rainstorms reduce visibility.'}]",Humans,Terminids,8192696,644868,29943758656,4121267047,8,0,17699777453,21243950376,29943758656,68340798,11476053,92,100,487,60.3
172,GAR HAREN,Jin Xi,"{'name': 'Foggy Swamp', 'description': 'Squelching mud, twisting roots; the odor of rot and anarchy. A teeming, endless morass.'}","[{'name': 'Thick Fog', 'description': 'Dense fog lightly reduce visibility for both enemy and friendly units.'}]",Humans,Terminids,2313563,215557,7643517848,1051388286,0,0,4169225878,4883214026,7643517848,17781563,3037739,91,100,214,59.13
173,GATRIA,Jin Xi,"{'name': 'Crimsonmoor', 'description': 'A crimson algae has propagated wildly across this entire planet, coating its rocky hills with a constant red that masks the spilt blood of the heroes who defend it from tyranny.'}","[{'name': 'Ion Storms', 'description': 'Ion storms intermittently disable Stratagems.'}]",Humans,Terminids,7437901,488764,26870293296,4053575824,96,0,14720114076,17836018196,26870293296,51289148,9182081,93,100,13,79.03
174,GEMMA,Ursa,"{'name': 'Rainforest', 'description': ""The strange subversion of photosynthesis that sustains the oddly-hued flora that flourishes on this planet remains an intriguing mystery to Super Earth's greatest exo-biologists.""}","[{'name': 'Ion Storms', 'description': 'Ion storms intermittently disable Stratagems.'}]",Humans,Humans,866013,93789,3496914980,523,0,559591129,2622861129,2553876736,3496914980,6293632,1145456,90,97,3,88.91
175,GRAND ERRANT,Farsight,"{'name': 'Desolate', 'description': 'Scorching temperatures, high winds, and low precipitation cause a near-constant cycle of fires to sweep this planet, punctuated by short bursts of lush rebirth between infernos.'}","[{'name': 'Intense Heat', 'description': 'High temperatures increase stamina drain and speed up heat buildup in weapons.'}, {'name': 'Fire Tornadoes', 'description': 'Planet is ravaged by deadly fire tornadoes.'}]",Humans,Humans,426658,41405,1702245172,255966047,0,0,843451886,1028121012,1702245172,3556806,619762,91,100,3,71.97
176,HADAR,Ferris,"{'name': 'Winter', 'description': ""Submerged in eternal winter, this world's frosty peaks glimmer in the light of its too-distant star.""}","[{'name': 'Extreme Cold', 'description': 'Icy temperatures reduce rate of fire and delay heat buildup in weapons.'}, {'name': 'Blizzards', 'description': 'Intense blizzard reduce mobility and moderately reduce visibility for both enemy and friendly units.'}]",Humans,Humans,631312,66911,2592638757,320,0,409778928,1721768758,1738874630,2592638757,4353686,874657,90,100,7,94.12
178,HALDUS,Ferris,"{'name': 'Swamp', 'description': 'Tall, gnarled trees flourish across the surface of this forested world. Sunlight filters past dangling vines, to the saturated undergrowth below.'}","[{'name': 'Rainstorms', 'description': 'Torrential rainstorms reduce visibility.'}]",Humans,Humans,613881,60442,2579555039,0,0,435070740,1954897637,1887077376,2579555039,4496757,855545,91,96,9,96.75
180,HERTHON SECUNDUS,Ferris,"{'name': 'Desolate', 'description': 'Scorching temperatures, high winds, and low precipitation cause a near-constant cycle of fires to sweep this planet, punctuated by short bursts of lush rebirth between infernos.'}","[{'name': 'Intense Heat', 'description': 'High temperatures increase stamina drain and speed up heat buildup in weapons.'}, {'name': 'Fire Tornadoes', 'description': 'Planet is ravaged by deadly fire tornadoes.'}]",Humans,Humans,36440,3723,147925465,0,0,23500838,93635013,90007064,147925465,253962,44647,90,96,0,92.54
181,HESOE PRIME,Rigel,"{'name': 'Winter', 'description': ""Submerged in eternal winter, this world's frosty peaks glimmer in the light of its too-distant star.""}","[{'name': 'Extreme Cold', 'description': 'Icy temperatures reduce rate of fire and delay heat buildup in weapons.'}, {'name': 'Blizzards', 'description': 'Intense blizzard reduce mobility and moderately reduce visibility for both enemy and friendly units.'}]",Humans,Humans,843538,71522,3480914113,0,0,572631684,2591740647,2568421416,3480914113,5829341,1129870,92,99,13,98.23
182,HEZE BAY,Hanzo,"{'name': 'Mesa', 'description': ""A blazing-hot desert planet, it's rocky mesas are the sole interruptions to the endless sea of dunes.""}","[{'name': 'Intense Heat', 'description': 'High temperatures increase stamina drain and speed up heat buildup in weapons.'}, {'name': 'Sandstorms', 'description': 'Dense sandstorms reduce mobility and greatly reduce visibility for both enemy and friendly units.'}]",Humans,Humans,361608,44815,1495990539,0,0,236852795,1034238640,1007127802,1495990539,2706922,500389,88,97,5,87.5
183,HORT,Rigel,"{'name': 'Highlands', 'description': 'Rocky outcroppings punctuate fields of tall grass in a planet dominated by misty highland terrain.'}","[{'name': 'Thick Fog', 'description': 'Dense fog lightly reduce visibility for both enemy and friendly units.'}, {'name': 'Rainstorms', 'description': 'Torrential rainstorms reduce visibility.'}]",Humans,Humans,628544,61106,2604518619,1095,0,433082339,1918360678,1870520310,2604518619,4498902,865076,91,97,7,96.26
184,HYDROBIUS,Omega,"{'name': 'Desert', 'description': 'A desert planet prone to unpredictable and dangerous sand twisters.'}","[{'name': 'Intense Heat', 'description': 'High temperatures increase stamina drain and speed up heat buildup in weapons.'}, {'name': 'Tremors', 'description': 'Frequent earthquakes stun players and enemies alike.'}]",Humans,Humans,231913,29811,969987376,0,0,157895157,737714402,706533200,969987376,1803876,344415,88,95,2,87.53
186,KEID,Akira,"{'name': 'Mesa', 'description': ""A blazing-hot desert planet, it's rocky mesas are the sole interruptions to the endless sea of dunes.""}","[{'name': 'Intense Heat', 'description': 'High temperatures increase stamina drain and speed up heat buildup in weapons.'}, {'name': 'Sandstorms', 'description': 'Dense sandstorms reduce mobility and greatly reduce visibility for both enemy and friendly units.'}]",Humans,Humans,886491,82818,3701567898,0,294,599778873,2719314213,2656189686,3701567898,6230682,1189347,91,97,10,96.26
187,KHANDARK,Guang,"{'name': 'Foggy Swamp', 'description': 'Squelching mud, twisting roots; the odor of rot and anarchy. A teeming, endless morass.'}","[{'name': 'Thick Fog', 'description': 'Dense fog lightly reduce visibility for both enemy and friendly units.'}]",Humans,Humans,146821,17234,601914530,81,0,95869236,413330674,389658620,601914530,1009343,213216,89,94,3,94.98
188,KLAKA 5,Alstrad,"{'name': 'Foggy Swamp', 'description': 'Squelching mud, twisting roots; the odor of rot and anarchy. A teeming, endless morass.'}","[{'name': 'Thick Fog', 'description': 'Dense fog lightly reduce visibility for both enemy and friendly units.'}]",Humans,Humans,114446,9925,463146863,0,0,76875880,345712293,332713686,463146863,814041,154740,92,96,8,94.44
190,KRAZ,Alstrad,"{'name': 'Canyon', 'description': 'This arid, rocky biome covering this world has driven the evolution of exceptionally efficient water usage in its various organisms.'}","[{'name': 'Tremors', 'description': 'Frequent earthquakes stun players and enemies alike.'}]",Humans,Humans,351390,35032,1485045678,0,0,268465972,1007382434,972834670,1485045678,2575241,588231,90,96,3,104.25
193,LENG SECUNDUS,Quintus,"{'name': 'Toxic', 'description': ""Dense, toxic fumes from deep within the planet's crust seep out of cracks in the earth and coat the ground in a sickly haze.""}","[{'name': 'Acid Storms', 'description': 'Corrosive acid storms temporarily reduce armor effectiveness for both enemy and friendly units.'}]",Humans,Humans,6899,1702,28557576,0,0,4523462,19627446,18822370,28557576,64221,11116,80,95,0,70.44
194,LESATH,Lacaille,"{'name': 'Icemoss', 'description': 'Ice and moss-covered rock can be found across most of the surface of this planet.'}","[{'name': 'Extreme Cold', 'description': 'Icy temperatures reduce rate of fire and delay heat buildup in weapons.'}]",Humans,Humans,12194599,1107578,46068497172,212,3672753632,0,19225772226,20427734462,46068497172,101256916,10541806,91,100,9,36.27
195,MAIA,Severin,"{'name': 'Moon', 'description': 'A rocky, lonely moon with extremely valuable mineral deposits underneath the surface.'}","[{'name': 'Extreme Cold', 'description': 'Icy temperatures reduce rate of fire and delay heat buildup in weapons.'}, {'name': 'Meteor Storms', 'description': 'Meteors impact the surface causing massive damage.'}]",Automaton,Humans,3311802,271068,12236025845,2,839179386,0,6205024249,6364100172,12236025845,29897768,2620049,92,100,1,28.07
196,MALEVELON CREEK,Severin,"{'name': 'Rainforest', 'description': ""The strange subversion of photosynthesis that sustains the oddly-hued flora that flourishes on this planet remains an intriguing mystery to Super Earth's greatest exo-biologists.""}","[{'name': 'Ion Storms', 'description': 'Ion storms intermittently disable Stratagems.'}]",Automaton,Humans,5122523,715204,5335961475,597,376803854,0,2773405607,2760986064,5335961475,25056210,2366286,87,99,6,15.04
197,MANTES,Xzar,"{'name': 'Jungle', 'description': 'Abundant with life, this wet planet is covered in deep oceans, thick forests, and tall grasses.'}","[{'name': 'Volcanic Activity', 'description': 'Volcanoes throw burning rocks around this planet.'}, {'name': 'Rainstorms', 'description': 'Torrential rainstorms reduce visibility.'}]",Humans,Humans,4008614,407574,3564543931,24729,276437195,0,1872118443,1490212410,3564543931,13378334,1647320,90,79,3,20.66
198,MARFARK,Andromeda,"{'name': 'Winter', 'description': ""Submerged in eternal winter, this world's frosty peaks glimmer in the light of its too-distant star.""}","[{'name': 'Extreme Cold', 'description': 'Icy temperatures reduce rate of fire and delay heat buildup in weapons.'}, {'name': 'Blizzards', 'description': 'Intense blizzard reduce mobility and moderately reduce visibility for both enemy and friendly units.'}]",Humans,Automaton,7654984,706695,28634269269,615,2082935153,0,11884828028,12567880382,28634269269,65627420,6976508,91,100,1,31.74
199,MARTALE,Andromeda,"{'name': 'Tundra', 'description': ""A perennially chilly climate has allowed short, colourful shrubs to flourish across this planet's surface.""}","[{'name': 'None', 'description': ""This planet's environment is not yet known, or has no environmental modifiers.""}]",Humans,Automaton,7054246,670507,25416175307,991,2025969406,0,10916628764,11446938676,25416175307,61025397,5779433,91,100,3012,33.2
200,MATAR BAY,Andromeda,"{'name': 'Highlands', 'description': 'Rocky outcroppings punctuate fields of tall grass in a planet dominated by misty highland terrain.'}","[{'name': 'Rainstorms', 'description': 'Torrential rainstorms reduce visibility.'}]",Humans,Automaton,5213056,491422,19483963272,1250,1724818394,0,8439445772,9155558168,19483963272,44039608,4676167,91,100,1243,39.17
201,MEISSA,Ymir,"{'name': 'Jungle', 'description': 'Abundant with life, this wet planet is covered in deep oceans, thick forests, and tall grasses.'}","[{'name': 'Volcanic Activity', 'description': 'Volcanoes throw burning rocks around this planet.'}, {'name': 'Rainstorms', 'description': 'Torrential rainstorms reduce visibility.'}]",Humans,Humans,2025480,239580,7589058166,123,558653535,0,3221778328,3334780492,7589058166,19819414,2065054,89,100,3,28.19
203,MENKENT,Hydra,"{'name': 'Desolate', 'description': 'Scorching temperatures, high winds, and low precipitation cause a near-constant cycle of fires to sweep this planet, punctuated by short bursts of lush rebirth between infernos.'}","[{'name': 'Intense Heat', 'description': 'High temperatures increase stamina drain and speed up heat buildup in weapons.'}, {'name': 'Fire Tornadoes', 'description': 'Planet is ravaged by deadly fire tornadoes.'}]",Humans,Automaton,10350237,1470677,35690504786,1315,2417062106,0,15450266490,15872693426,35690504786,99338897,9094890,87,100,819,24.33
204,MERAK,Valdis,"{'name': 'Rainforest', 'description': ""The strange subversion of photosynthesis that sustains the oddly-hued flora that flourishes on this planet remains an intriguing mystery to Super Earth's greatest exo-biologists.""}","[{'name': 'Intense Heat', 'description': 'High temperatures increase stamina drain and speed up heat buildup in weapons.'}, {'name': 'Acid Storms', 'description': 'Corrosive acid storms temporarily reduce armor effectiveness for both enemy and friendly units.'}]",Humans,Automaton,117454,12248,321922246,45,21197719,0,135767289,135865380,321922246,929058,87263,90,100,0,22.82
207,MINTORIA,Gellert,"{'name': 'Highlands', 'description': 'Rocky outcroppings punctuate fields of tall grass in a planet dominated by misty highland terrain.'}","[{'name': 'Thick Fog', 'description': 'Dense fog lightly reduce visibility for both enemy and friendly units.'}, {'name': 'Rainstorms', 'description': 'Torrential rainstorms reduce visibility.'}]",Humans,Humans,376008,27255,1353740885,0,124194213,0,502161023,530887548,1353740885,2890609,298304,93,100,0,42.96
211,NIVEL 43,Mirin,"{'name': 'Wasteland', 'description': 'The lifeless grey of this planet is interrupted only by the violet flowers that grow from strange, parasitic outcroppings.'}","[{'name': 'Thick Fog', 'description': 'Dense fog lightly reduce visibility for both enemy and friendly units.'}]",Terminids,Terminids,5287450,471778,11594429317,1427381406,485,0,7177967449,8661612098,11594429317,30128185,4907734,91,100,1,47.38
212,OSHAUNE,Mirin,"{'name': 'Highlands', 'description': 'Rocky outcroppings punctuate fields of tall grass in a planet dominated by misty highland terrain.'}","[{'name': 'Thick Fog', 'description': 'Dense fog lightly reduce visibility for both enemy and friendly units.'}, {'name': 'Rainstorms', 'description': 'Torrential rainstorms reduce visibility.'}]",Terminids,Terminids,15495508,1762689,34009877943,4394310824,307,0,22546196002,26979221274,34009877943,87705241,14961390,89,100,6,50.1
214,PANDION-XXIV,Jin Xi,"{'name': 'Wasteland', 'description': 'The lifeless grey of this planet is interrupted only by the violet flowers that grow from strange, parasitic outcroppings.'}","[{'name': 'Thick Fog', 'description': 'Dense fog lightly reduce visibility for both enemy and friendly units.'}]",Humans,Terminids,13512289,966959,46758638332,6323002555,442,0,25415598511,30800034142,46758638332,106089965,18339732,93,100,597,59.6
215,PARTION,Sten,"{'name': 'Desolate', 'description': 'Scorching temperatures, high winds, and low precipitation cause a near-constant cycle of fires to sweep this planet, punctuated by short bursts of lush rebirth between infernos.'}","[{'name': 'Intense Heat', 'description': 'High temperatures increase stamina drain and speed up heat buildup in weapons.'}, {'name': 'Fire Tornadoes', 'description': 'Planet is ravaged by deadly fire tornadoes.'}]",Terminids,Terminids,1975554,199435,6390929204,780355243,147,0,3042597645,3556143388,6390929204,14798062,2285572,90,100,1,52.73
216,PEACOCK,Sten,"{'name': 'Rainforest', 'description': ""The strange subversion of photosynthesis that sustains the oddly-hued flora that flourishes on this planet remains an intriguing mystery to Super Earth's greatest exo-biologists.""}","[{'name': 'Ion Storms', 'description': 'Ion storms intermittently disable Stratagems.'}]",Terminids,Terminids,729784,63426,2702250027,367271737,0,0,1377097815,1653772024,2702250027,6625654,1073960,92,100,0,55.43
217,PHACT BAY,Jin Xi,"{'name': 'Mesa', 'description': ""A blazing-hot desert planet, it's rocky mesas are the sole interruptions to the endless sea of dunes.""}","[{'name': 'Intense Heat', 'description': 'High temperatures increase stamina drain and speed up heat buildup in weapons.'}, {'name': 'Sandstorms', 'description': 'Dense sandstorms reduce mobility and greatly reduce visibility for both enemy and friendly units.'}]",Humans,Terminids,8182493,710856,30122711928,4047317246,402,275,16091107740,19565109778,30122711928,65984439,11502359,92,100,1974,61.34
218,PHERKAD SECUNDUS,Farsight,"{'name': 'Swamp', 'description': 'Tall, gnarled trees flourish across the surface of this forested world. Sunlight filters past dangling vines, to the saturated undergrowth below.'}","[{'name': 'Rainstorms', 'description': 'Torrential rainstorms reduce visibility.'}]",Humans,Terminids,956585,102152,3282916872,491131709,0,0,1841374617,2195188716,3282916872,7463619,1175225,90,100,404,65.8
219,POLARIS PRIME,Farsight,"{'name': 'Desert', 'description': 'A desert planet prone to unpredictable and dangerous sand twisters.'}","[{'name': 'Intense Heat', 'description': 'High temperatures increase stamina drain and speed up heat buildup in weapons.'}, {'name': 'Tremors', 'description': 'Frequent earthquakes stun players and enemies alike.'}]",Humans,Humans,446333,49206,1885408549,241546973,0,59931865,1013942335,1165893764,1885408549,3867114,708938,90,100,1,77.96
222,PROPUS,Leo,"{'name': 'Mesa', 'description': ""A blazing-hot desert planet, it's rocky mesas are the sole interruptions to the endless sea of dunes.""}","[{'name': 'Intense Heat', 'description': 'High temperatures increase stamina drain and speed up heat buildup in weapons.'}, {'name': 'Sandstorms', 'description': 'Dense sandstorms reduce mobility and greatly reduce visibility for both enemy and friendly units.'}]",Humans,Humans,112868,12149,470265345,0,0,76192632,334096252,328371550,470265345,836166,155074,90,98,2,91.12
223,RAS ALGETHI,Leo,"{'name': 'Tundra', 'description': ""A perennially chilly climate has allowed short, colourful shrubs to flourish across this planet's surface.""}","[{'name': 'None', 'description': ""This planet's environment is not yet known, or has no environmental modifiers.""}]",Humans,Humans,138600,18149,580915946,0,0,94291759,433163662,418773586,580915946,1079372,204045,88,96,2,87.36
224,RD-4,Rigel,"{'name': 'Moon', 'description': 'A rocky, lonely moon with extremely valuable mineral deposits underneath the surface.'}","[{'name': 'Extreme Cold', 'description': 'Icy temperatures reduce rate of fire and delay heat buildup in weapons.'}, {'name': 'Meteor Storms', 'description': 'Meteors impact the surface causing massive damage.'}]",Humans,Humans,557597,53156,2321277340,0,0,372548988,1609350631,1587318660,2321277340,3956682,744887,91,98,87,94.16
226,RIRGA BAY,Rigel,"{'name': 'Toxic', 'description': ""Dense, toxic fumes from deep within the planet's crust seep out of cracks in the earth and coat the ground in a sickly haze.""}","[{'name': 'Acid Storms', 'description': 'Corrosive acid storms temporarily reduce armor effectiveness for both enemy and friendly units.'}]",Humans,Humans,353939,36547,1569274413,0,0,1254877707,1056764270,1026697404,1569274413,1002799508,553514,90,97,3,1.25
227,SEASSE,Omega,"{'name': 'Swamp', 'description': 'Tall, gnarled trees flourish across the surface of this forested world. Sunlight filters past dangling vines, to the saturated undergrowth below.'}","[{'name': 'Rainstorms', 'description': 'Torrential rainstorms reduce visibility.'}]",Humans,Humans,529334,60196,2234100114,0,0,365344173,1853458189,1770166704,2234100114,4035940,747588,89,95,5,90.52
228,SENGE 23,Omega,"{'name': 'Canyon', 'description': 'This arid, rocky biome covering this world has driven the evolution of exceptionally efficient water usage in its various organisms.'}","[{'name': 'Tremors', 'description': 'Frequent earthquakes stun players and enemies alike.'}]",Humans,Humans,252237,21494,1029763981,0,369,199132214,813969956,801267262,1029763981,1900929,405367,92,98,0,104.76
229,SETIA,Omega,"{'name': 'Foggy Swamp', 'description': 'Squelching mud, twisting roots; the odor of rot and anarchy. A teeming, endless morass.'}","[{'name': 'Thick Fog', 'description': 'Dense fog lightly reduce visibility for both enemy and friendly units.'}]",Humans,Humans,28290,4496,117642991,175,0,18064316,80776739,75843028,117642991,213621,43478,86,93,1,84.56
230,SHETE,Xi Tauri,"{'name': 'Toxic', 'description': ""Dense, toxic fumes from deep within the planet's crust seep out of cracks in the earth and coat the ground in a sickly haze.""}","[{'name': 'Acid Storms', 'description': 'Corrosive acid storms temporarily reduce armor effectiveness for both enemy and friendly units.'}]",Humans,Humans,162714,14136,694226884,0,0,116579981,549843406,542096806,694226884,1327395,226249,92,98,1,87.83
231,SIEMNOT,Xi Tauri,"{'name': 'Rainforest', 'description': ""The strange subversion of photosynthesis that sustains the oddly-hued flora that flourishes on this planet remains an intriguing mystery to Super Earth's greatest exo-biologists.""}","[{'name': 'Ion Storms', 'description': 'Ion storms intermittently disable Stratagems.'}]",Humans,Humans,141420,17848,585619579,0,0,94576597,436236042,422444966,585619579,1084509,200642,88,96,15,87.21
232,SIRIUS,Xi Tauri,"{'name': 'Moon', 'description': 'A rocky, lonely moon with extremely valuable mineral deposits underneath the surface.'}","[{'name': 'Extreme Cold', 'description': 'Icy temperatures reduce rate of fire and delay heat buildup in weapons.'}, {'name': 'Meteor Storms', 'description': 'Meteors impact the surface causing massive damage.'}]",Humans,Humans,289307,28706,1204328054,0,0,196544496,882952208,876537396,1204328054,2167284,393005,90,99,2,90.69
234,SPHERION,Quintus,"{'name': 'Jungle', 'description': 'Abundant with life, this wet planet is covered in deep oceans, thick forests, and tall grasses.'}","[{'name': 'Volcanic Activity', 'description': 'Volcanoes throw burning rocks around this planet.'}, {'name': 'Rainstorms', 'description': 'Torrential rainstorms reduce visibility.'}]",Humans,Humans,202501,18793,845471834,0,0,139092486,574069596,560463468,845471834,1452223,275982,91,97,5,95.78
236,STOUT,Quintus,"{'name': 'Crimsonmoor', 'description': 'A crimson algae has propagated wildly across this entire planet, coating its rocky hills with a constant red that masks the spilt blood of the heroes who defend it from tyranny.'}","[{'name': 'Ion Storms', 'description': 'Ion storms intermittently disable Stratagems.'}]",Humans,Humans,186096,18615,796011005,0,0,131941087,546711313,525216168,796011005,1291827,246770,90,96,1,102.14
237,TERMADON,Quintus,"{'name': 'Highlands', 'description': 'Rocky outcroppings punctuate fields of tall grass in a planet dominated by misty highland terrain.'}","[{'name': 'Thick Fog', 'description': 'Dense fog lightly reduce visibility for both enemy and friendly units.'}, {'name': 'Rainstorms', 'description': 'Torrential rainstorms reduce visibility.'}]",Humans,Humans,44897,7180,201774435,0,0,31809667,140251868,133884824,201774435,397376,77440,86,95,1,80.05
238,TIBIT,Severin,"{'name': 'Ethereal', 'description': 'This world teems with ethereal, boundless, and peculiar plant life that spreads silent and uninterrupted across its entire surface.'}","[{'name': 'None', 'description': ""This planet's environment is not yet known, or has no environmental modifiers.""}]",Automaton,Humans,5662437,482508,16201381508,20049,1034360560,0,7921757056,7585830500,16201381508,43822553,3999403,92,95,1,23.6
239,TIEN KWAN,Theseus,"{'name': 'Icemoss Special', 'description': 'Ice and moss-covered rock can be found across most of the surface of this planet.'}","[{'name': 'Extreme Cold', 'description': 'Icy temperatures reduce rate of fire and delay heat buildup in weapons.'}, {'name': 'Meteor Storms', 'description': 'Meteors impact the surface causing massive damage.'}]",Humans,Humans,5007,1919,4919847,0,350980,0,2749670,2702866,4919847,24962,1224,72,98,1,14.06
240,TROOST,Trigon,"{'name': 'Wasteland', 'description': 'The lifeless grey of this planet is interrupted only by the violet flowers that grow from strange, parasitic outcroppings.'}","[{'name': 'Thick Fog', 'description': 'Dense fog lightly reduce visibility for both enemy and friendly units.'}]",Humans,Humans,6054555,727980,6465105570,5354,496469405,0,3132549014,2713038695,6465105570,22511901,2602563,89,86,0,22.05
241,UBANEA,Severin,"{'name': 'Crimsonmoor', 'description': 'A crimson algae has propagated wildly across this entire planet, coating its rocky hills with a constant red that masks the spilt blood of the heroes who defend it from tyranny.'}","[{'name': 'Ion Storms', 'description': 'Ion storms intermittently disable Stratagems.'}]",Automaton,Humans,7537569,986243,8434210927,37206,665174957,0,4654811328,4322722695,8434210927,31840069,3164940,88,92,2,20.89
242,USTOTU,Trigon,"{'name': 'Desert', 'description': 'A desert planet prone to unpredictable and dangerous sand twisters.'}","[{'name': 'Intense Heat', 'description': 'High temperatures increase stamina drain and speed up heat buildup in weapons.'}, {'name': 'Tremors', 'description': 'Frequent earthquakes stun players and enemies alike.'}]",Humans,Humans,3821701,514226,5383192093,1680,412384854,0,2622609109,2634955848,5383192093,20417762,1947633,88,100,3,20.2
243,VANDALON IV,Trigon,"{'name': 'Winter', 'description': ""Submerged in eternal winter, this world's frosty peaks glimmer in the light of its too-distant star.""}","[{'name': 'Extreme Cold', 'description': 'Icy temperatures reduce rate of fire and delay heat buildup in weapons.'}, {'name': 'Blizzards', 'description': 'Intense blizzard reduce mobility and moderately reduce visibility for both enemy and friendly units.'}]",Humans,Humans,4460142,444975,11281517780,339,841694590,0,5315686012,5658220784,11281517780,30395817,2997647,90,100,1,27.69
244,VARYLIA 5,Trigon,"{'name': 'Highlands', 'description': 'Rocky outcroppings punctuate fields of tall grass in a planet dominated by misty highland terrain.'}","[{'name': 'Thick Fog', 'description': 'Dense fog lightly reduce visibility for both enemy and friendly units.'}, {'name': 'Rainstorms', 'description': 'Torrential rainstorms reduce visibility.'}]",Humans,Humans,2847961,262402,12173744387,56,818868589,0,4857162161,4982480026,12173744387,27385293,2620388,91,100,0,29.9
245,WASAT,Ymir,"{'name': 'Toxic', 'description': ""Dense, toxic fumes from deep within the planet's crust seep out of cracks in the earth and coat the ground in a sickly haze.""}","[{'name': 'Acid Storms', 'description': 'Corrosive acid storms temporarily reduce armor effectiveness for both enemy and friendly units.'}]",Humans,Humans,1071664,108828,4201413631,0,312596701,0,1732055235,1798959712,4201413631,10598022,1070045,90,100,0,29.5
246,VEGA BAY,Ymir,"{'name': 'Winter', 'description': ""Submerged in eternal winter, this world's frosty peaks glimmer in the light of its too-distant star.""}","[{'name': 'Extreme Cold', 'description': 'Icy temperatures reduce rate of fire and delay heat buildup in weapons.'}, {'name': 'Blizzards', 'description': 'Intense blizzard reduce mobility and moderately reduce visibility for both enemy and friendly units.'}]",Humans,Humans,1567528,105758,6216201781,145,470664921,0,2490067567,2641162304,6216201781,13094884,1457526,93,100,0,35.94
247,WEZEN,Ymir,"{'name': 'Desolate', 'description': 'Scorching temperatures, high winds, and low precipitation cause a near-constant cycle of fires to sweep this planet, punctuated by short bursts of lush rebirth between infernos.'}","[{'name': 'Intense Heat', 'description': 'High temperatures increase stamina drain and speed up heat buildup in weapons.'}, {'name': 'Fire Tornadoes', 'description': 'Planet is ravaged by deadly fire tornadoes.'}]",Humans,Humans,1376251,114698,5335287280,0,380385157,0,2252994226,2313412124,5335287280,13291195,1161588,92,100,1,28.62
249,X-45,Ymir,"{'name': 'Swamp', 'description': 'Tall, gnarled trees flourish across the surface of this forested world. Sunlight filters past dangling vines, to the saturated undergrowth below.'}","[{'name': 'Rainstorms', 'description': 'Torrential rainstorms reduce visibility.'}]",Humans,Humans,719989,68509,3013938757,0,240377561,0,1285486988,1387710094,3013938757,5512715,750295,91,100,1,43.6
250,YED PRIOR,Tanis,"{'name': 'Crimsonmoor', 'description': 'A crimson algae has propagated wildly across this entire planet, coating its rocky hills with a constant red that masks the spilt blood of the heroes who defend it from tyranny.'}","[{'name': 'Ion Storms', 'description': 'Ion storms intermittently disable Stratagems.'}]",Humans,Automaton,681189,49453,2041717756,704,180575799,0,822576414,893489824,2041717756,3983325,430225,93,100,513,45.33
251,ZEFIA,Tanis,"{'name': 'Ethereal', 'description': 'This world teems with ethereal, boundless, and peculiar plant life that spreads silent and uninterrupted across its entire surface.'}","[{'name': 'None', 'description': ""This planet's environment is not yet known, or has no environmental modifiers.""}]",Humans,Automaton,626536,64762,2180678580,0,182205200,0,881772118,962883852,2180678580,4897298,553988,90,100,276,37.21
253,ZZANIAH PRIME,Gellert,"{'name': 'Mesa', 'description': ""A blazing-hot desert planet, it's rocky mesas are the sole interruptions to the endless sea of dunes.""}","[{'name': 'Intense Heat', 'description': 'High temperatures increase stamina drain and speed up heat buildup in weapons.'}, {'name': 'Sandstorms', 'description': 'Dense sandstorms reduce mobility and greatly reduce visibility for both enemy and friendly units.'}]",Humans,Humans,525118,43354,2089004434,0,199029842,0,744897127,829587692,2089004434,4334224,466710,92,100,0,45.92
258,ZAGON PRIME,Mirin,"{'name': 'Mesa', 'description': ""A blazing-hot desert planet, it's rocky mesas are the sole interruptions to the endless sea of dunes.""}","[{'name': 'Intense Heat', 'description': 'High temperatures increase stamina drain and speed up heat buildup in weapons.'}, {'name': 'Sandstorms', 'description': 'Dense sandstorms reduce mobility and greatly reduce visibility for both enemy and friendly units.'}]",Terminids,Terminids,95300,9159,295193699,37011191,0,0,171421576,207657372,295193699,668460,113094,91,100,0,55.37
259,OMICRON,L'estrade,"{'name': 'Tundra', 'description': ""A perennially chilly climate has allowed short, colourful shrubs to flourish across this planet's surface.""}","[{'name': 'None', 'description': ""This planet's environment is not yet known, or has no environmental modifiers.""}]",Terminids,Terminids,3692614,270160,11735047496,1504288243,0,0,7246490032,8669517948,11735047496,26048433,4421850,93,100,1,57.75
